{
  "io.quarkus.workshop.superheroes.hero.HeroResource.countGetRandomHero": 44,
  "io.quarkus.workshop.superheroes.hero.HeroResource.timeGetRandomHero": {
    "p99": 16.227182,
    "min": 2.525987,
    "max": 16.227182,
    "mean": 3.202769680486923,
    "p50": 2.967352,
    "p999": 16.227182,
    "stddev": 1.55809730109504,
    "p95": 3.565725,
    "p98": 4.157616,
    "p75": 3.104259,
    "fiveMinRate": 0.12382047800943181,
    "fifteenMinRate": 0.04406239601227314,
    "meanRate": 0.08741866976313094,
    "count": 44,
    "oneMinRate": 0.4332024919472982
  }
}
